word,id,property,object,question,sparql
action,412,starring,Last_Action_Hero,PREFIX  <http://dbpedia.org/ontology/> PREFIX  <http://dbpedia.org/resource/> SELECT DISTINCT ?uri WHERE { Last_Action_Hero starring ?uri },Give me all actors starring in Last Action Hero.
actor,82,birthPlace,Actor,SELECT DISTINCT ?uri WHERE { ?uri a <http://dbpedia.org/ontology/Actor> { ?uri <http://dbpedia.org/ontology/birthPlace> <http://dbpedia.org/resource/Germany> } UNION { ?uri <http://dbpedia.org/ontology/birthPlace> ?place . ?place <http://dbpedia.org/ontology/country> <http://dbpedia.org/resource/Germany> } },Which actors were born in Germany?
 ,86,birthPlace,Actor,SELECT DISTINCT ?uri WHERE { ?uri a <http://dbpedia.org/ontology/Actor> ; <http://dbpedia.org/ontology/birthPlace> <http://dbpedia.org/resource/Berlin> },Give me all actors who were born in Berlin.
 ,69,birthPlace,Actor,SELECT DISTINCT ?uri WHERE { ?uri <http://www.w3.org/1999/02/22-rdf-syntax-ns#type> <http://dbpedia.org/ontology/Actor> . ?uri <http://dbpedia.org/ontology/birthPlace> <http://dbpedia.org/resource/Paris> . ?uri <http://dbpedia.org/ontology/birthDate> ?date . FILTER ( ?date >= xsd:dateTime('1950-12-31T00:00:00Z')) },Give me all actors who were born in Paris after 1950.
 ,128,occupation,Actor,PREFIX foaf:<http://xmlns.com/foaf/0.1/> SELECT DISTINCT ?uri WHERE { ?uri foaf:surname 'Baldwin'@en . { ?uri <http://dbpedia.org/ontology/occupation> <http://dbpedia.org/resource/Actor> . } UNION { ?uri <http://www.w3.org/1999/02/22-rdf-syntax-ns#type> <http://dbpedia.org/ontology/Actor> . } },Give me all actors called Baldwin.
 ,133,type,Actor,SELECT DISTINCT ?uri WHERE { ?uri <http://www.w3.org/1999/02/22-rdf-syntax-ns#type> <http://dbpedia.org/ontology/Actor> . ?f <http://www.w3.org/1999/02/22-rdf-syntax-ns#type> <http://dbpedia.org/ontology/Film> . ?f <http://dbpedia.org/ontology/starring> ?uri . } ORDER BY DESC(COUNT(DISTINCT(?f))) OFFSET 0 LIMIT 1,Which actor was casted in the most movies? 
 ,412,starring,Last_Action_Hero,PREFIX  <http://dbpedia.org/ontology/> PREFIX  <http://dbpedia.org/resource/> SELECT DISTINCT ?uri WHERE { Last_Action_Hero starring ?uri },Give me all actors starring in Last Action Hero.
advertising,97,industry,Advertising,"SELECT (COUNT(DISTINCT ?uri) AS ?c) WHERE { ?uri a <http://dbpedia.org/ontology/Company> { ?uri <http://dbpedia.org/ontology/industry> <http://dbpedia.org/resource/Advertising> } UNION { ?uri <http://dbpedia.org/ontology/industry> ?industry FILTER regex(?industry, ""advertising"", ""i"") } }",Give me all companies in the advertising industry.
african,147,currency,West_African_CFA_franc,SELECT DISTINCT ?uri WHERE { ?uri <http://dbpedia.org/ontology/currency> <http://dbpedia.org/resource/West_African_CFA_franc> },In which countries can you pay using the West African CFA franc?
age,410,alias,Queens_of_the_Stone_Age,PREFIX  <http://dbpedia.org/ontology/> PREFIX  <http://dbpedia.org/resource/> SELECT DISTINCT ?name WHERE { Queens_of_the_Stone_Age alias ?name },What was the first name of the band Queens of the Stone Age?
air,8,targetAirport,Air_China,PREFIX  <http://dbpedia.org/ontology/> PREFIX  <http://dbpedia.org/resource/> SELECT DISTINCT ?uri WHERE { Air_China targetAirport ?uri },Which airports does Air China serve?
airline,58,-,Airline,SELECT (COUNT(DISTINCT ?uri) AS ?c) WHERE { ?uri a <http://dbpedia.org/ontology/Airline> },How many airlines are there?
  ,116,alliance,Airline,SELECT DISTINCT ?uri WHERE { ?uri a <http://dbpedia.org/ontology/Airline> { ?uri <http://dbpedia.org/ontology/alliance> <http://dbpedia.org/resource/SkyTeam> } UNION { ?uri <http://dbpedia.org/ontology/Alliance> <http://dbpedia.org/resource/SkyTeam> } },What airlines are part of the SkyTeam alliance?
  ,127,alliance,Airline,SELECT (COUNT(DISTINCT ?uri) AS ?c) WHERE { ?uri a <http://dbpedia.org/ontology/Airline> ; <http://dbpedia.org/ontology/alliance> <http://dbpedia.org/resource/Star_Alliance> },How many airlines are members of the Star Alliance?
  ,196,targetAirport,Yeti_Airlines,PREFIX  <http://dbpedia.org/ontology/> PREFIX  <http://dbpedia.org/resource/> SELECT DISTINCT ?uri WHERE { Yeti_Airlines targetAirport ?uri },Which airports does Yeti Airlines serve?
airport,216,elevation,D??sseldorf_Airport,PREFIX  <http://dbpedia.org/ontology/> PREFIX dbr: <http://dbpedia.org/resource/> SELECT ?ele WHERE { dbr:D??sseldorf_Airport elevation ?ele } LIMIT 1,how much is the elevation of D??sseldorf Airport ?
album,88,rdfs:label,Album,"SELECT DISTINCT ?uri WHERE { ?single <http://dbpedia.org/ontology/album> ?uri ; <http://www.w3.org/2000/01/rdf-schema#label> ""Last Christmas""@en }",Which music albums contain the song Last Christmas?
  ,130,rdf:type,Album,PREFIX  <http://dbpedia.org/ontology/> PREFIX  <http://dbpedia.org/resource/> PREFIX rdf: <http://www.w3.org/1999/02/22-rdf-syntax-ns#> SELECT DISTINCT ?uri WHERE { ?x rdf:type Album ; artist Elvis_Presley ; releaseDate ?y ; recordLabel ?uri } ORDER BY ASC(?y) OFFSET 0 LIMIT 1,For which label did Elvis record his first album?
  ,409,rdf:type,Album,PREFIX  <http://dbpedia.org/ontology/> PREFIX rdf: <http://www.w3.org/1999/02/22-rdf-syntax-ns#> SELECT DISTINCT ?uri WHERE { ?uri rdf:type Album ; artist <http://dbpedia.org/resource/Queen_(band)> ; releaseDate ?d } ORDER BY ASC(?d) OFFSET 0 LIMIT 1,What was the first Queen album?
aldi,250,numberOfLocations,Aldi,PREFIX  <http://dbpedia.org/ontology/> PREFIX  <http://dbpedia.org/resource/> SELECT DISTINCT ?number WHERE { Aldi numberOfLocations ?number },How many Aldi stores are there?
alliance,127,alliance,Star_Alliance,SELECT (COUNT(DISTINCT ?uri) AS ?c) WHERE { ?uri a <http://dbpedia.org/ontology/Airline> ; <http://dbpedia.org/ontology/alliance> <http://dbpedia.org/resource/Star_Alliance> },How many airlines are members of the Star Alliance?
almanac,401,editor,Farmers'_Almanac,PREFIX dbp: <http://dbpedia.org/property/> SELECT ?uri WHERE { <http://dbpedia.org/resource/Farmers'_Almanac> dbp:editor ?uri },Who writes the Farmers' Almanac?
amazon,392,height,Amazon_Eve,PREFIX  <http://dbpedia.org/ontology/> PREFIX  <http://dbpedia.org/resource/> SELECT DISTINCT ?height WHERE { Amazon_Eve height ?height },How tall is Amazon Eve?
america,19,creator,Captain_America,PREFIX  <http://dbpedia.org/ontology/> PREFIX  <http://dbpedia.org/resource/> SELECT DISTINCT ?uri WHERE { Captain_America creator ?uri },Who created the comic Captain America?
  ,189,largestCity,United_States,PREFIX  <http://dbpedia.org/ontology/> PREFIX dbr: <http://dbpedia.org/resource/> SELECT ?lcity WHERE { dbr:United_States largestCity ?lcity },What is the largest city in america?
amphibian,214,class,Amphibian,PREFIX  <http://dbpedia.org/ontology/> PREFIX  <http://dbpedia.org/resource/> ASK WHERE { Hylidae class Amphibian },Are tree frogs a type of amphibian?
angel,92,founded,Hells_Angels,SELECT DISTINCT ?date WHERE { <http://dbpedia.org/resource/Hells_Angels> <http://dbpedia.org/property/founded> ?date },When were the Hells Angels founded?
ankara,208,city,Ankara,PREFIX  <http://dbpedia.org/ontology/> PREFIX  <http://dbpedia.org/resource/> SELECT DISTINCT ?uri WHERE { ?x city Ankara ; league Turkish_Ice_Hockey_First_League ; coach ?uri },Who is the coach of Ankara's ice hockey team?
apollo,20,mission,Apollo_14,PREFIX  <http://dbpedia.org/ontology/> PREFIX  <http://dbpedia.org/resource/> SELECT DISTINCT ?uri WHERE { ?uri mission Apollo_14 },Give me the Apollo 14 astronauts.
  ,61,mission,Apollo_14,SELECT DISTINCT ?uri WHERE { ?uri <http://dbpedia.org/ontology/mission> <http://dbpedia.org/resource/Apollo_14> },Give me all Apollo 14 astronauts.
apple,93,netIncome,Apple_Inc,SELECT DISTINCT ?ni WHERE { <http://dbpedia.org/resource/Apple_Inc.> <http://dbpedia.org/ontology/netIncome> ?ni },What is the net income of Apple?
arabia,369,battle,T._E._Lawrence,PREFIX  <http://dbpedia.org/ontology/> PREFIX  <http://dbpedia.org/resource/> SELECT DISTINCT ?uri WHERE { T._E._Lawrence battle ?uri },In which military conflicts did Lawrence of Arabia participate?
area,4,location,Area_51,PREFIX  <http://dbpedia.org/ontology/> PREFIX  <http://dbpedia.org/resource/> PREFIX rdfs: <http://www.w3.org/2000/01/rdf-schema#> SELECT DISTINCT ?uri WHERE { Area_51 location ?uri . ?uri country United_States. },In which U.S. state is Area 51 located?
astronaut,20,-,-,PREFIX  <http://dbpedia.org/ontology/> PREFIX  <http://dbpedia.org/resource/> SELECT DISTINCT ?uri WHERE { ?uri mission Apollo_14 },Give me the Apollo 14 astronauts.
,61,-,-,SELECT DISTINCT ?uri WHERE { ?uri <http://dbpedia.org/ontology/mission> <http://dbpedia.org/resource/Apollo_14> },Give me all Apollo 14 astronauts.
 ,73,type,Astronaut,SELECT DISTINCT ?uri WHERE { ?uri a <http://dbpedia.org/ontology/Astronaut> ; <http://dbpedia.org/property/type> <http://dbpedia.org/resource/European_Space_Agency> },Give me all ESA astronauts.
atacama,370,timeZone,San_Pedro_de_Atacama,PREFIX  <http://dbpedia.org/ontology/> PREFIX  <http://dbpedia.org/resource/> SELECT DISTINCT ?uri WHERE { San_Pedro_de_Atacama timeZone ?uri },What is the timezone in San Pedro de Atacama?
atlanta,31,height,Atlanta_Falcons,SELECT DISTINCT ?uri WHERE { ?uri <http://dbpedia.org/ontology/team> <http://dbpedia.org/resource/Atlanta_Falcons> ; <http://dbpedia.org/ontology/height> ?h } ORDER BY DESC(?h) OFFSET 0 LIMIT 1,Who is the tallest player of the Atlanta Falcons?
australia,181,location,Australia,SELECT DISTINCT ?uri WHERE { ?uri a <http://dbpedia.org/ontology/Brewery> { ?uri <http://dbpedia.org/ontology/location> <http://dbpedia.org/resource/Australia> } UNION { ?uri <http://dbpedia.org/ontology/location> ?x . ?x <http://dbpedia.org/ontology/country> <http://dbpedia.org/resource/Australia> } },Show me all the breweries in Australia.
,256,capital,Australia,PREFIX  <http://dbpedia.org/ontology/> PREFIX  <http://dbpedia.org/resource/> SELECT DISTINCT ?num WHERE { Australia capital ?x . ?x populationTotal ?num },How many people live in the capital of Australia?
 ,301,largestCity,Australia,PREFIX  <http://dbpedia.org/ontology/> PREFIX  <http://dbpedia.org/resource/> SELECT DISTINCT ?uri WHERE { Australia largestCity ?uri },What is the largest city in Australia?
,400,locatedInArea,Australia,PREFIX  <http://dbpedia.org/ontology/> PREFIX  <http://dbpedia.org/resource/> PREFIX rdf: <http://www.w3.org/1999/02/22-rdf-syntax-ns#> SELECT DISTINCT ?uri WHERE { ?uri rdf:type Mountain ; locatedInArea Australia ; elevation ?elevation } ORDER BY DESC(?elevation) LIMIT 1,What is the highest mountain in Australia?
autobiography,391,literaryGenre,Autobiography,PREFIX  <http://dbpedia.org/ontology/> PREFIX  <http://dbpedia.org/resource/> SELECT DISTINCT ?uri WHERE { ?uri author Ernest_Hemingway ; literaryGenre Autobiography },Show me Hemingway's autobiography.
aviv,381,leaderName,Tel_Aviv,PREFIX  <http://dbpedia.org/ontology/> PREFIX  <http://dbpedia.org/resource/> SELECT DISTINCT ?uri WHERE { Tel_Aviv leaderName ?uri },Who is the mayor of Tel Aviv?
baikal,346,areaTotal,Lake_Baikal,PREFIX  <http://dbpedia.org/ontology/> PREFIX  <http://dbpedia.org/resource/> ASK WHERE { Lake_Baikal areaTotal ?a1 . Great_Bear_Lake areaTotal ?a2 FILTER ( ?a1 > ?a2 ) },Is Lake Baikal bigger than the Great Bear Lake?
baikonur,23,launchPad,Baikonur_Cosmodrome,PREFIX  <http://dbpedia.org/ontology/> PREFIX  <http://dbpedia.org/resource/> SELECT DISTINCT ?uri WHERE { ?uri <http://dbpedia.org/property/launchPad> Baikonur_Cosmodrome },Which spaceflights were launched from Baikonur?
  ,167,launchSite,Baikonur_Cosmodrome,SELECT DISTINCT ?uri WHERE { ?uri a <http://dbpedia.org/ontology/Rocket> ; <http://dbpedia.org/ontology/launchSite> <http://dbpedia.org/resource/Baikonur_Cosmodrome> },Which rockets were launched from Baikonur?
band,101,genre,Band,SELECT DISTINCT ?uri WHERE { ?uri a <http://dbpedia.org/ontology/Band> ; <http://dbpedia.org/ontology/genre> <http://dbpedia.org/resource/Metalcore> { ?uri <http://dbpedia.org/ontology/hometown> <http://dbpedia.org/resource/Australia> } UNION { ?uri <http://dbpedia.org/ontology/hometown> ?h . ?h <http://dbpedia.org/ontology/country> <http://dbpedia.org/resource/Australia> } },Give me all Australian metalcore bands.
bandleaders,24,occupation,Bandleader,PREFIX  <http://dbpedia.org/ontology/> PREFIX  <http://dbpedia.org/resource/> SELECT DISTINCT ?uri WHERE { ?uri occupation Bandleader ; instrument Trumpet },Give me a list of all trumpet players that were bandleaders.
  ,164,occupation,Bandleader,SELECT DISTINCT ?uri WHERE { ?uri <http://dbpedia.org/ontology/occupation> <http://dbpedia.org/resource/Bandleader> ; <http://dbpedia.org/ontology/instrument> <http://dbpedia.org/resource/Trumpet> },Give me a list of all bandleaders that play trumpet.
"basketball,",34,height,BasketballPlayer,SELECT DISTINCT ?uri WHERE { ?uri a <http://dbpedia.org/ontology/BasketballPlayer> ; <http://dbpedia.org/ontology/height> ?n FILTER ( ?n > 2.0 ) },Show me all basketball players that are higher than 2 meters.
  ,53,birthDate,BasketballPlayer,"SELECT DISTINCT ?uri WHERE { ?uri a <http://dbpedia.org/ontology/BasketballPlayer> ; <http://dbpedia.org/ontology/birthDate> ?date ; <http://dbpedia.org/property/highlights> ?h FILTER regex(?h, ""MVP"") } ORDER BY DESC(?date) OFFSET 0 LIMIT 4",Who are the four youngest MVP basketball players?
  ,306,height,BasketballPlayer,PREFIX  <http://dbpedia.org/ontology/> PREFIX rdf: <http://www.w3.org/1999/02/22-rdf-syntax-ns#> SELECT DISTINCT ?uri WHERE { ?uri rdf:type BasketballPlayer ; height ?num } ORDER BY DESC(?num) OFFSET 0 LIMIT 1,Who is the tallest basketball player?
batman,131,starring,Batman_Begins,PREFIX  <http://dbpedia.org/ontology/> PREFIX  <http://dbpedia.org/resource/> ASK WHERE { Batman_Begins starring Christian_Bale },Is Christian Bale starring in Batman Begins?
  -,210,creator,Batman,PREFIX  <http://dbpedia.org/ontology/> PREFIX  <http://dbpedia.org/resource/> SELECT DISTINCT ?uri WHERE { Batman creator ?uri },Who created Batman?
battle,358,rdfs:label,Battle Chess@en,"PREFIX  <http://dbpedia.org/ontology/> PREFIX rdfs: <http://www.w3.org/2000/01/rdf-schema#> PREFIX rdf: <http://www.w3.org/1999/02/22-rdf-syntax-ns#> ASK WHERE { ?uri rdf:type VideoGame ; rdfs:label ""Battle Chess""@en }",Is there a video game called Battle Chess?
battlestar,160,numberOfEpisodes,Battlestar_Galactica_%281978_TV_series%29,PREFIX  <http://dbpedia.org/ontology/> PREFIX  <http://dbpedia.org/resource/> ASK WHERE { <http://dbpedia.org/resource/Battlestar_Galactica_%281978_TV_series%29> numberOfEpisodes ?x . <http://dbpedia.org/resource/Battlestar_Galactica_%282004_TV_series%29> numberOfEpisodes ?y FILTER ( ?y > ?x ) },Does the new Battlestar Galactica series have more episodes than the old one?
bay,198,date,Bay_of_Pigs_Invasion,PREFIX  <http://dbpedia.org/ontology/> PREFIX  <http://dbpedia.org/resource/> ASK WHERE { Cuban_Missile_Crisis date ?x . Bay_of_Pigs_Invasion date ?y FILTER ( ?x < ?y ) },Was the Cuban Missile Crisis earlier than the Bay of Pigs Invasion?
bbc,352,presenter,BBC_Wildlife_Specials,PREFIX  <http://dbpedia.org/ontology/> PREFIX  <http://dbpedia.org/resource/> SELECT DISTINCT ?uri WHERE { BBC_Wildlife_Specials presenter ?uri },Who is the host of the BBC Wildlife Specials?
beans,257,currency,Cocoa_bean,PREFIX  <http://dbpedia.org/ontology/> PREFIX  <http://dbpedia.org/resource/> SELECT DISTINCT ?uri WHERE { ?uri currency Cocoa_bean },In which ancient empire could you pay with cocoa beans?
bear,346,areaTotal,Great_Bear_Lake,PREFIX  <http://dbpedia.org/ontology/> PREFIX  <http://dbpedia.org/resource/> ASK WHERE { Lake_Baikal areaTotal ?a1 . Great_Bear_Lake areaTotal ?a2 FILTER ( ?a1 > ?a2 ) },Is Lake Baikal bigger than the Great Bear Lake?
beer,80,origin,Beer_in_Ireland,SELECT DISTINCT ?uri WHERE { ?uri <http://dbpedia.org/property/type> <http://dbpedia.org/resource/Beer> ; <http://dbpedia.org/ontology/origin> <http://dbpedia.org/resource/Beer_in_Ireland> },Which beer originated in Ireland?
beijing,263,foundationPlace,Beijing,PREFIX  <http://dbpedia.org/ontology/> PREFIX  <http://dbpedia.org/resource/> PREFIX rdf: <http://www.w3.org/1999/02/22-rdf-syntax-ns#> SELECT DISTINCT ?uri WHERE { ?uri rdf:type Company ; industry Electronics ; foundationPlace Beijing },Which electronics companies were founded in Beijing?
belgium,142,locationCountry,Belgium@en,"SELECT (COUNT(DISTINCT ?uri) AS ?c) WHERE { ?uri a <http://dbpedia.org/ontology/Organisation> { ?uri <http://dbpedia.org/ontology/industry> <http://dbpedia.org/resource/Telecommunication> } UNION { ?uri <http://dbpedia.org/property/industry> ?industry FILTER regex(?industry, ""Telecommunications"") } { ?uri <http://dbpedia.org/ontology/location> <http://dbpedia.org/resource/Belgium> } UNION { ?uri <http://dbpedia.org/property/locationCountry> ""Belgium""@en } }",Which telecommunications organizations are located in Belgium?
berlin,86,birthPlace,Berlin,SELECT DISTINCT ?uri WHERE { ?uri a <http://dbpedia.org/ontology/Actor> ; <http://dbpedia.org/ontology/birthPlace> <http://dbpedia.org/resource/Berlin> },Give me all actors who were born in Berlin.
  ,179,deathPlace,Berlin,SELECT DISTINCT ?uri WHERE { ?uri <http://dbpedia.org/ontology/birthPlace> <http://dbpedia.org/resource/Vienna> ; <http://dbpedia.org/ontology/deathPlace> <http://dbpedia.org/resource/Berlin> },Give me all people that were born in Vienna and died in Berlin.
 ,373,targetAirport,Berlin_Tegel_Airport,PREFIX  <http://dbpedia.org/ontology/> PREFIX  <http://dbpedia.org/resource/> SELECT DISTINCT ?uri WHERE { Lufthansa subsidiary ?uri . ?uri targetAirport Dortmund_Airport ; targetAirport Berlin_Tegel_Airport },Which subsidiary of Lufthansa serves both Dortmund and Berlin Tegel?
beverage,193,rdf:type,Beverage,PREFIX  <http://dbpedia.org/ontology/> PREFIX  <http://dbpedia.org/resource/> PREFIX rdf: <http://www.w3.org/1999/02/22-rdf-syntax-ns#> ASK WHERE { Cola rdf:type Beverage },Is Cola a beverage?
boardgames,1,publisher,GMT_Games,PREFIX  <http://dbpedia.org/ontology/> PREFIX  <http://dbpedia.org/resource/> PREFIX rdfs: <http://www.w3.org/2000/01/rdf-schema#> SELECT ?uri WHERE { ?uri publisher GMT_Games },List all boardgames by GMT.
book,21,author,The_Pillars_of_the_Earth,PREFIX  <http://dbpedia.org/ontology/> PREFIX  <http://dbpedia.org/resource/> PREFIX rdfs: <http://www.w3.org/2000/01/rdf-schema#> SELECT DISTINCT ?uri WHERE { The_Pillars_of_the_Earth author ?uri },Who wrote the book The pillars of the Earth?
  ,109,author,Book,SELECT DISTINCT ?uri WHERE { ?uri a <http://dbpedia.org/ontology/Book> ; <http://dbpedia.org/ontology/author> <http://dbpedia.org/resource/Danielle_Steel> },Give me all books written by Danielle Steel.
  ,121,rdf:type,Book,SELECT DISTINCT ?uri WHERE { ?uri <http://dbpedia.org/ontology/occupation> <http://dbpedia.org/resource/Poet> . ?x <http://dbpedia.org/ontology/author> ?uri . ?x <http://www.w3.org/1999/02/22-rdf-syntax-ns#type> <http://dbpedia.org/ontology/Book> . } ORDER BY DESC(COUNT(?x)) OFFSET 0 LIMIT 1,Which poet wrote the most books?
  ,123,rdf:type,Book,SELECT DISTINCT ?uri WHERE { ?uri <http://dbpedia.org/ontology/occupation> <http://dbpedia.org/resource/Musician> . ?x <http://dbpedia.org/ontology/author> ?uri . ?x <http://www.w3.org/1999/02/22-rdf-syntax-ns#type> <http://dbpedia.org/ontology/Book> . } ORDER BY DESC(COUNT(?x)) OFFSET 0 LIMIT 1,Which musician wrote the most books?
  ,195,author,The_Pillars_of_the_Earth,PREFIX  <http://dbpedia.org/ontology/> PREFIX  <http://dbpedia.org/resource/> SELECT DISTINCT ?uri WHERE { The_Pillars_of_the_Earth author ?uri },Who wrote the book Les Piliers de la terre?
  ,335,author,[The_Pillars_of_the_Earth],PREFIX  <http://dbpedia.org/ontology/> PREFIX  <http://dbpedia.org/resource/> SELECT DISTINCT ?uri WHERE { The_Pillars_of_the_Earth author ?uri },Who wrote the book The Pillars of the Earth?
  ,347,-,-,PREFIX  <http://dbpedia.org/ontology/> PREFIX  <http://dbpedia.org/resource/> SELECT DISTINCT ?uri WHERE { ?uri series Foundation_series },Show me all books in Asimov's Foundation series.
  ,371,rdf:type,Book,PREFIX  <http://dbpedia.org/ontology/> PREFIX  <http://dbpedia.org/resource/> PREFIX rdf: <http://www.w3.org/1999/02/22-rdf-syntax-ns#> SELECT DISTINCT ?uri WHERE { ?uri rdf:type Book ; author William_Goldman ; numberOfPages ?x FILTER ( ?x > 300 ) },Give me all books by William Goldman with more than 300 pages.
  ,378,rdf:type,Book,PREFIX  <http://dbpedia.org/ontology/> PREFIX  <http://dbpedia.org/resource/> PREFIX rdf: <http://www.w3.org/1999/02/22-rdf-syntax-ns#> SELECT DISTINCT ?uri WHERE { ?uri rdf:type Book ; publisher Viking_Press ; author Jack_Kerouac },Which books by Kerouac were published by Viking Press?
  ,383,rdf:type,Book,PREFIX  <http://dbpedia.org/ontology/> PREFIX  <http://dbpedia.org/resource/> PREFIX rdf: <http://www.w3.org/1999/02/22-rdf-syntax-ns#> SELECT DISTINCT ?uri WHERE { ?uri rdf:type Book ; author Muhammad_Ali },Show me the book that Muhammad Ali wrote.
  ,396,  ,"[The_Pillars_of_the_Earth, Book, The_Pillars_of_the_Earth, Penguin_Books, Penguin_Books]",PREFIX  <http://dbpedia.org/ontology/> PREFIX  <http://dbpedia.org/resource/> PREFIX rdf: <http://www.w3.org/1999/02/22-rdf-syntax-ns#> SELECT DISTINCT ?uri WHERE { Penguin_Books founder ?uri },Who is the founder of Penguin Books?
borough,393,governmentType,Borough_(New_York_City,PREFIX  <http://dbpedia.org/ontology/> SELECT DISTINCT ?uri WHERE { ?uri governmentType <http://dbpedia.org/resource/Borough_(New_York_City)> },What are the five boroughs of New York?
bourgogne,276,wineRegion,Melon_de_Bourgogne,PREFIX  <http://dbpedia.org/ontology/> PREFIX  <http://dbpedia.org/resource/> SELECT DISTINCT ?uri WHERE { Melon_de_Bourgogne wineRegion ?uri },From which region is the Melon de Bourgogne?
brazil,105,fifaMin,Brazil_national_football_team,SELECT DISTINCT ?n WHERE { <http://dbpedia.org/resource/Brazil_national_football_team> <http://dbpedia.org/property/fifaMin> ?n },What was Brazil's lowest rank in the FIFA World Ranking?
brewery,181,location,Brewery,SELECT DISTINCT ?uri WHERE { ?uri a <http://dbpedia.org/ontology/Brewery> { ?uri <http://dbpedia.org/ontology/location> <http://dbpedia.org/resource/Australia> } UNION { ?uri <http://dbpedia.org/ontology/location> ?x . ?x <http://dbpedia.org/ontology/country> <http://dbpedia.org/resource/Australia> } },Show me all the breweries in Australia.
  ,273,manufacturer,Heineken,PREFIX  <http://dbpedia.org/ontology/> PREFIX  <http://dbpedia.org/resource/> SELECT DISTINCT ?uri WHERE { Heineken manufacturer ?x . ?x locationCity ?uri },In what city is the Heineken brewery?
bridge,48,crosses,Bridge,SELECT DISTINCT ?uri WHERE { ?uri a <http://dbpedia.org/ontology/Bridge> ; <http://dbpedia.org/ontology/crosses> <http://dbpedia.org/resource/Seine> },Which bridges cross the Seine?
  ,224,crosses,Brooklyn_Bridge,PREFIX  <http://dbpedia.org/ontology/> PREFIX  <http://dbpedia.org/resource/> SELECT DISTINCT ?uri WHERE { Brooklyn_Bridge crosses ?uri },Which river does the Brooklyn Bridge cross?
  ,350,architect,Brooklyn_Bridge,PREFIX  <http://dbpedia.org/ontology/> PREFIX  <http://dbpedia.org/resource/> SELECT DISTINCT ?uri WHERE { Brooklyn_Bridge architect ?uri },Who designed the Brooklyn Bridge?
brooklyn,224,crosses,Brooklyn_Bridge,PREFIX  <http://dbpedia.org/ontology/> PREFIX  <http://dbpedia.org/resource/> SELECT DISTINCT ?uri WHERE { Brooklyn_Bridge crosses ?uri },Which river does the Brooklyn Bridge cross?
  ,350,architect,Brooklyn_Bridge,PREFIX  <http://dbpedia.org/ontology/> PREFIX  <http://dbpedia.org/resource/> SELECT DISTINCT ?uri WHERE { Brooklyn_Bridge architect ?uri },Who designed the Brooklyn Bridge?
building,145,architecturalStyle,Building,SELECT ?uri WHERE { ?uri a <http://dbpedia.org/ontology/Building> ; <http://dbpedia.org/ontology/architecturalStyle> <http://dbpedia.org/resource/English_Gothic_architecture> ; <http://dbpedia.org/ontology/location> <http://dbpedia.org/resource/Kent> },Show me all English Gothic buildings in Kent.
  ,340,rdf:type Building,Building,PREFIX  <http://dbpedia.org/ontology/> PREFIX  <http://dbpedia.org/resource/> PREFIX rdf: <http://www.w3.org/1999/02/22-rdf-syntax-ns#> SELECT DISTINCT ?uri WHERE { Burj_Khalifa floorCount ?burj . ?uri rdf:type Building ; floorCount ?proj FILTER ( ?proj < ?burj ) } ORDER BY DESC(?proj) LIMIT 1,Which building after the Burj Khalifa has the most floors?
bulls,186,draftTeam,Chicago_Bulls,SELECT DISTINCT ?uri WHERE { ?uri a <http://dbpedia.org/ontology/Person> ; <http://dbpedia.org/ontology/weight> ?num { ?uri <http://dbpedia.org/property/team> <http://dbpedia.org/resource/Chicago_Bulls> } UNION { ?uri <http://dbpedia.org/property/draftTeam> <http://dbpedia.org/resource/Chicago_Bulls> } UNION { ?uri <http://dbpedia.org/ontology/draftTeam> <http://dbpedia.org/resource/Chicago_Bulls> } } ORDER BY DESC(?num) OFFSET 0 LIMIT 1,Who is the heaviest player of the Chicago Bulls?
bundesliga,46,league,Bundesliga,SELECT DISTINCT ?uri WHERE { ?uri a <http://dbpedia.org/ontology/SoccerClub> ; <http://dbpedia.org/ontology/league> <http://dbpedia.org/resource/Bundesliga> },Show a list of soccer clubs that play in the Bundesliga.
burj,340,floorCount,Burj_Khalifa,PREFIX  <http://dbpedia.org/ontology/> PREFIX  <http://dbpedia.org/resource/> PREFIX rdf: <http://www.w3.org/1999/02/22-rdf-syntax-ns#> SELECT DISTINCT ?uri WHERE { Burj_Khalifa floorCount ?burj . ?uri rdf:type Building ; floorCount ?proj FILTER ( ?proj < ?burj ) } ORDER BY DESC(?proj) LIMIT 1,Which building after the Burj Khalifa has the most floors?
butter,83,carbs,Peanut_butter,SELECT DISTINCT ?carbs WHERE { <http://dbpedia.org/resource/Peanut_butter> <http://dbpedia.org/property/carbs> ?carbs },How much carbs does peanut butter have?
cairo,234,populationTotal,dbr:Cairo,PREFIX  <http://dbpedia.org/ontology/> PREFIX dbr: <http://dbpedia.org/resource/> SELECT ?pop WHERE { dbr:Cairo populationTotal ?pop },What is the population of Cairo?
cake,199,ingredient,Carrot_cake,PREFIX  <http://dbpedia.org/ontology/> PREFIX  <http://dbpedia.org/resource/> SELECT DISTINCT ?uri WHERE { Carrot_cake ingredient ?uri },Which ingredients do I need for carrot cake?
california,125,foundationPlace,California,SELECT DISTINCT ?uri WHERE { ?uri a <http://dbpedia.org/ontology/Software> . ?company a <http://dbpedia.org/ontology/Company> . ?uri <http://dbpedia.org/ontology/developer> ?company . ?company <http://dbpedia.org/ontology/foundationPlace> <http://dbpedia.org/resource/California> },Which software has been developed by organizations founded in California?
  ,379,  ,"[California, Hotel_California]",PREFIX  <http://dbpedia.org/ontology/> PREFIX  <http://dbpedia.org/resource/> SELECT DISTINCT ?uri WHERE { Hotel_California writer ?uri },Who wrote the song Hotel California?
cameroon,317,capital,Cameroon,PREFIX  <http://dbpedia.org/ontology/> PREFIX  <http://dbpedia.org/resource/> SELECT DISTINCT ?uri WHERE { Cameroon capital ?uri },What is the capital of Cameroon?
canada,284,largestCity,Canada,PREFIX  <http://dbpedia.org/ontology/> PREFIX  <http://dbpedia.org/resource/> SELECT DISTINCT ?num WHERE { Canada largestCity ?city . ?city populationTotal ?num },How many inhabitants does the largest city in Canada have?
  ,380,capital,Canada,PREFIX  <http://dbpedia.org/ontology/> PREFIX  <http://dbpedia.org/resource/> SELECT DISTINCT ?uri WHERE { Canada capital ?uri },What is the capital of Canada?
cannes,309,award,Grand_Prix_(Cannes_Film_Festival),PREFIX  <http://dbpedia.org/ontology/> PREFIX  <http://dbpedia.org/resource/> ASK WHERE { Aki_Kaurism??ki award <http://dbpedia.org/resource/Grand_Prix_(Cannes_Film_Festival)> },Did Kaurism??ki ever win the Grand Prix at Cannes?
captain,19,creator,Captain_America,PREFIX  <http://dbpedia.org/ontology/> PREFIX  <http://dbpedia.org/resource/> SELECT DISTINCT ?uri WHERE { Captain_America creator ?uri },Who created the comic Captain America?
care,176,speciality,UNC_Health_Care,SELECT DISTINCT ?uri WHERE { <http://dbpedia.org/resource/UNC_Health_Care> <http://dbpedia.org/property/speciality> ?uri },What are the specialities of the UNC Health Care?
carolina,242,origin,Carolina_Reaper,PREFIX  <http://dbpedia.org/ontology/>PREFIX dbr: <http://dbpedia.org/resource/> SELECT ?uri WHERE { dbr:Carolina_Reaper origin ?uri},Where is the origin of Carolina reaper?
carrot,199,ingredient,Carrot_cake,PREFIX  <http://dbpedia.org/ontology/> PREFIX  <http://dbpedia.org/resource/> SELECT DISTINCT ?uri WHERE { Carrot_cake ingredient ?uri },Which ingredients do I need for carrot cake?
cave,6,rdf:type,Cave,PREFIX  <http://dbpedia.org/ontology/> PREFIX rdf: <http://www.w3.org/1999/02/22-rdf-syntax-ns#> SELECT DISTINCT ?uri WHERE { ?cave rdf:type Cave ; location ?uri . ?uri rdf:type Country } GROUP BY ?uri HAVING ( COUNT(?cave) > 2 ),Which countries have places with more than two caves?
  ,30,entranceCount,Cave,SELECT DISTINCT ?uri WHERE { ?uri a <http://dbpedia.org/ontology/Cave> ; <http://dbpedia.org/property/entranceCount> ?entrance FILTER ( ?entrance > 3 ) },Which caves have more than 3 entrances?
  ,135,location,Cave,SELECT DISTINCT ?uri WHERE { ?uri a <http://dbpedia.org/ontology/Country> . ?cave a <http://dbpedia.org/ontology/Cave> { ?cave <http://dbpedia.org/ontology/location> ?uri } UNION { ?cave <http://dbpedia.org/ontology/location> ?loc . ?loc <http://dbpedia.org/ontology/country> ?uri } } GROUP BY ?uri HAVING ( COUNT(?cave) > 10 ),Which countries have more than ten caves?
ceres,191,  ,[Ceres_(dwarf_planet],PREFIX  <http://dbpedia.org/ontology/> SELECT DISTINCT ?uri WHERE { <http://dbpedia.org/resource/Ceres_(dwarf_planet)> discoverer ?uri },Who discovered Ceres?
cfa,147,currency,West_African_CFA_franc,SELECT DISTINCT ?uri WHERE { ?uri <http://dbpedia.org/ontology/currency> <http://dbpedia.org/resource/West_African_CFA_franc> },In which countries can you pay using the West African CFA franc?
chancellor,78,office,Chancellor_of_Germany,"SELECT DISTINCT ?uri WHERE { ?uri a <http://dbpedia.org/ontology/Person> { ?uri <http://dbpedia.org/ontology/office> ""Chancellor of Germany"" } UNION { ?uri <http://dbpedia.org/property/office> <http://dbpedia.org/resource/Chancellor_of_Germany> } }",Give me all federal chancellors of Germany.
charmed,141,starring,Charmed,SELECT DISTINCT ?date WHERE { <http://dbpedia.org/resource/Charmed> <http://dbpedia.org/ontology/starring> ?actor . ?actor <http://dbpedia.org/ontology/birthDate> ?date },Give me the birthdays of all actors of the television show Charmed.
chemist,107,profession,Chemist,ASK WHERE { <http://dbpedia.org/resource/Margaret_Thatcher> <http://dbpedia.org/ontology/profession> <http://dbpedia.org/resource/Chemist> },Was Margaret Thatcher a chemist?
chess,169,birthPlace,ChessPlayer,SELECT DISTINCT ?uri WHERE { ?uri a <http://dbpedia.org/ontology/ChessPlayer> ; <http://dbpedia.org/ontology/birthPlace> ?x ; <http://dbpedia.org/ontology/deathPlace> ?y FILTER ( ?x = ?y ) },Which Chess players died in the same place they were born in?
  ,358,rdfs:label,Battle Chess@en,"PREFIX  <http://dbpedia.org/ontology/> PREFIX rdfs: <http://www.w3.org/2000/01/rdf-schema#> PREFIX rdf: <http://www.w3.org/1999/02/22-rdf-syntax-ns#> ASK WHERE { ?uri rdf:type VideoGame ; rdfs:label ""Battle Chess""@en }",Is there a video game called Battle Chess?
chewbacca,112,portrayer,Chewbacca,SELECT DISTINCT ?uri WHERE { <http://dbpedia.org/resource/Chewbacca> <http://dbpedia.org/ontology/portrayer> ?uri },Which actor played Chewbacca?
chicago,186,team,Chicago_Bulls,SELECT DISTINCT ?uri WHERE { ?uri a <http://dbpedia.org/ontology/Person> ; <http://dbpedia.org/ontology/weight> ?num { ?uri <http://dbpedia.org/property/team> <http://dbpedia.org/resource/Chicago_Bulls> } UNION { ?uri <http://dbpedia.org/property/draftTeam> <http://dbpedia.org/resource/Chicago_Bulls> } UNION { ?uri <http://dbpedia.org/ontology/draftTeam> <http://dbpedia.org/resource/Chicago_Bulls> } } ORDER BY DESC(?num) OFFSET 0 LIMIT 1,Who is the heaviest player of the Chicago Bulls?
chile,366,routeEnd,Chile_Route_68,PREFIX  <http://dbpedia.org/ontology/> PREFIX  <http://dbpedia.org/resource/> SELECT DISTINCT ?uri WHERE { Chile_Route_68 routeEnd ?uri },In which city does the Chile Route 68 end?
china,8,targetAirport,Air_China,PREFIX  <http://dbpedia.org/ontology/> PREFIX  <http://dbpedia.org/resource/> SELECT DISTINCT ?uri WHERE { Air_China targetAirport ?uri },Which airports does Air China serve?
  ,402,currency,China,PREFIX  <http://dbpedia.org/ontology/> PREFIX  <http://dbpedia.org/resource/> SELECT DISTINCT ?uri WHERE { China currency ?uri },Give me the currency of China.
chip,293,ingredient,Chocolate_chip_cookie,PREFIX  <http://dbpedia.org/ontology/> PREFIX  <http://dbpedia.org/resource/> SELECT DISTINCT ?uri WHERE { Chocolate_chip_cookie ingredient ?uri },What is in a chocolate chip cookie?
chocolate,293,ingredient,Chocolate_chip_cookie,PREFIX  <http://dbpedia.org/ontology/> PREFIX  <http://dbpedia.org/resource/> SELECT DISTINCT ?uri WHERE { Chocolate_chip_cookie ingredient ?uri },What is in a chocolate chip cookie?
christmas,88,rdfs:label,Last Christmas@en,"SELECT DISTINCT ?uri WHERE { ?single <http://dbpedia.org/ontology/album> ?uri ; <http://www.w3.org/2000/01/rdf-schema#label> ""Last Christmas""@en }",Which music albums contain the song Last Christmas?
city,5,leaderName,New_York_City,PREFIX  <http://dbpedia.org/ontology/> PREFIX  <http://dbpedia.org/resource/> SELECT DISTINCT ?uri WHERE { New_York_City leaderName ?uri },Who is the mayor of New York City?
  ,154,skos:broader,Cities_in_Germany,PREFIX  <http://dbpedia.org/ontology/> PREFIX skos: <http://www.w3.org/2004/02/skos/core#> PREFIX dbc: <http://dbpedia.org/resource/Category:> PREFIX dct: <http://purl.org/dc/terms/> SELECT ?city WHERE { ?m skos:broader dbc:Cities_in_Germany . ?city dct:subject ?m ; areaTotal ?area } ORDER BY ?area LIMIT 1,What is the smallest city by area in Germany?
  ,166,-,-,ASK WHERE { <http://dbpedia.org/resource/Egypt> <http://dbpedia.org/ontology/largestCity> ?large ; <http://dbpedia.org/ontology/capital> ?capital FILTER ( ?large = ?capital ) },Is Egypts largest city also its capital?
  ,173,rdf:type, City,PREFIX  <http://dbpedia.org/ontology/> PREFIX  <http://dbpedia.org/resource/> PREFIX dbp: <http://dbpedia.org/property/> PREFIX rdf: <http://www.w3.org/1999/02/22-rdf-syntax-ns#> SELECT DISTINCT ?uri WHERE { ?uri rdf:type City ; isPartOf New_Jersey ; populationTotal ?inhabitants FILTER ( ?inhabitants > 100000 ) },Give me all cities in New Jersey with more than 100000 inhabitants.
  ,217,populationTotal,Mexico_City,PREFIX  <http://dbpedia.org/ontology/> PREFIX dbr: <http://dbpedia.org/resource/> SELECT ?Mexico_City WHERE { dbr:Mexico_City populationTotal ?Mexico_City },How much is the population of mexico city ?
  ,246,city,-,PREFIX  <http://dbpedia.org/ontology/> PREFIX  <http://dbpedia.org/resource/> SELECT DISTINCT ?uri WHERE { Weser city ?uri },Which cities does the Weser flow through?
  ,279,rdf:type,City,PREFIX  <http://dbpedia.org/ontology/> PREFIX  <http://dbpedia.org/resource/> PREFIX rdf: <http://www.w3.org/1999/02/22-rdf-syntax-ns#> SELECT DISTINCT ?uri WHERE { ?uri rdf:type City ; populationTotal ?pop } ORDER BY DESC(?pop) OFFSET 0 LIMIT 1,Which city has the most inhabitants?
  ,292,rdf:type,Town,PREFIX  <http://dbpedia.org/ontology/> PREFIX  <http://dbpedia.org/resource/> PREFIX rdf: <http://www.w3.org/1999/02/22-rdf-syntax-ns#> SELECT DISTINCT ?uri WHERE { Nikos_Kazantzakis deathPlace ?uri . ?uri rdf:type Town },In which city did Nikos Kazantzakis die?
  ,332,rdf:type,City,PREFIX  <http://dbpedia.org/ontology/> PREFIX rdf: <http://www.w3.org/1999/02/22-rdf-syntax-ns#> SELECT DISTINCT ?uri WHERE { ?uri rdf:type City ; populationTotal ?pop } ORDER BY ASC(?pop) OFFSET 0 LIMIT 1,Which city has the least inhabitants?
  ,349,rdf:type,City,PREFIX  <http://dbpedia.org/ontology/> PREFIX dbr: <http://dbpedia.org/resource/> PREFIX rdf: <http://www.w3.org/1999/02/22-rdf-syntax-ns#> SELECT ?loc WHERE { ?uri type dbr:Rapid_transit ; openingYear ?date ; location ?loc . ?loc rdf:type City } ORDER BY ASC(?date) LIMIT 1,Which city has the oldest running metro?
  ,377,rdf:type,City,PREFIX  <http://dbpedia.org/ontology/> PREFIX  <http://dbpedia.org/resource/> PREFIX rdf: <http://www.w3.org/1999/02/22-rdf-syntax-ns#> SELECT DISTINCT ?uri WHERE { ?uri rdf:type City . Sylvester_Stallone residence ?uri },In which city does Sylvester Stallone live?
  ,399,rdf:type,City,PREFIX  <http://dbpedia.org/ontology/> PREFIX  <http://dbpedia.org/resource/> PREFIX rdf: <http://www.w3.org/1999/02/22-rdf-syntax-ns#> SELECT DISTINCT ?uri WHERE { John_F._Kennedy deathPlace ?uri . ?uri rdf:type City },In which city did John F. Kennedy die?
  ,404,rdf:type,City,PREFIX  <http://dbpedia.org/ontology/> PREFIX  <http://dbpedia.org/resource/> PREFIX rdf: <http://www.w3.org/1999/02/22-rdf-syntax-ns#> SELECT DISTINCT ?uri WHERE { Headquarters_of_the_United_Nations location ?uri . ?uri rdf:type City },In which city are the headquarters of the United Nations?
club,46,league,SoccerClub,SELECT DISTINCT ?uri WHERE { ?uri a <http://dbpedia.org/ontology/SoccerClub> ; <http://dbpedia.org/ontology/league> <http://dbpedia.org/resource/Bundesliga> },Show a list of soccer clubs that play in the Bundesliga.
  ,64,league,SoccerClub,SELECT DISTINCT ?uri WHERE { ?uri a <http://dbpedia.org/ontology/SoccerClub> ; <http://dbpedia.org/ontology/league> <http://dbpedia.org/resource/Premier_League> },Give me all soccer clubs in the Premier League.
  ,183,ground,SoccerClub,"SELECT DISTINCT ?uri WHERE { ?uri a <http://dbpedia.org/ontology/SoccerClub> { ?uri <http://dbpedia.org/ontology/ground> <http://dbpedia.org/resource/Spain> } UNION { ?uri <http://dbpedia.org/property/ground> ?ground FILTER regex(?ground, ""Spain"") } }",Give me all soccer clubs in Spain.
cocoa,257,currency,Cocoa_bean,PREFIX  <http://dbpedia.org/ontology/> PREFIX  <http://dbpedia.org/resource/> SELECT DISTINCT ?uri WHERE { ?uri currency Cocoa_bean },In which ancient empire could you pay with cocoa beans?
cola,193,rdf:type,Cola,PREFIX  <http://dbpedia.org/ontology/> PREFIX  <http://dbpedia.org/resource/> PREFIX rdf: <http://www.w3.org/1999/02/22-rdf-syntax-ns#> ASK WHERE { Cola rdf:type Beverage },Is Cola a beverage?
colombia,385,language,[Colombia],PREFIX  <http://dbpedia.org/ontology/> PREFIX  <http://dbpedia.org/resource/> PREFIX rdf: <http://www.w3.org/1999/02/22-rdf-syntax-ns#> SELECT (COUNT(DISTINCT ?uri) AS ?c) WHERE { ?uri rdf:type Language . Colombia language ?uri },How many languages are spoken in Colombia?
colombo,298,height,Colombo_Lighthouse,PREFIX  <http://dbpedia.org/ontology/> PREFIX  <http://dbpedia.org/resource/> SELECT DISTINCT ?num WHERE { Colombo_Lighthouse height ?num },How high is the lighthouse in Colombo?
columbia,140,almaMater,Columbia_University,SELECT (COUNT(DISTINCT ?uri) AS ?c) WHERE { ?uri <http://dbpedia.org/ontology/profession> <http://dbpedia.org/resource/Politician> ; <http://dbpedia.org/ontology/almaMater> <http://dbpedia.org/resource/Columbia_University> },How many politicians graduated from Columbia University?
company,54,location,Company,SELECT DISTINCT ?uri WHERE { ?uri a <http://dbpedia.org/ontology/Company> { ?uri <http://dbpedia.org/ontology/location> <http://dbpedia.org/resource/Munich> } UNION { ?uri <http://dbpedia.org/ontology/headquarter> <http://dbpedia.org/resource/Munich> } UNION { ?uri <http://dbpedia.org/ontology/locationCity> <http://dbpedia.org/resource/Munich> } },Give me all companies in Munich.
  ,62,numberOfEmployees,Company,SELECT DISTINCT ?uri WHERE { ?uri a <http://dbpedia.org/ontology/Company> { ?uri <http://dbpedia.org/ontology/numberOfEmployees> ?n } UNION { ?uri <http://dbpedia.org/property/numEmployees> ?n } FILTER ( ?n > 1000000 ) },Which companies have more than 1 million employees?
  ,97,industry,Company,"SELECT (COUNT(DISTINCT ?uri) AS ?c) WHERE { ?uri a <http://dbpedia.org/ontology/Company> { ?uri <http://dbpedia.org/ontology/industry> <http://dbpedia.org/resource/Advertising> } UNION { ?uri <http://dbpedia.org/ontology/industry> ?industry FILTER regex(?industry, ""advertising"", ""i"") } }",Give me all companies in the advertising industry.
  ,253,rdf:type,Company,PREFIX  <http://dbpedia.org/ontology/> PREFIX  <http://dbpedia.org/resource/> PREFIX rdf: <http://www.w3.org/1999/02/22-rdf-syntax-ns#> SELECT DISTINCT ?uri WHERE { ?uri rdf:type Company ; product Hovercraft },Which companies produce hovercrafts?
  ,263,rdf:type,Company,PREFIX  <http://dbpedia.org/ontology/> PREFIX  <http://dbpedia.org/resource/> PREFIX rdf: <http://www.w3.org/1999/02/22-rdf-syntax-ns#> SELECT DISTINCT ?uri WHERE { ?uri rdf:type Company ; industry Electronics ; foundationPlace Beijing },Which electronics companies were founded in Beijing?
  ,269,rdf:type,Company,PREFIX  <http://dbpedia.org/ontology/> PREFIX  <http://dbpedia.org/resource/> PREFIX rdf: <http://www.w3.org/1999/02/22-rdf-syntax-ns#> SELECT DISTINCT ?uri WHERE { ?uri rdf:type Company ; location India ; numberOfEmployees ?n } ORDER BY DESC(?n) OFFSET 0 LIMIT 1,Which Indian company has the most employees?
  ,360,manufacturer,Ford_Motor_Company,PREFIX  <http://dbpedia.org/ontology/> PREFIX dbr: <http://dbpedia.org/resource/> ASK WHERE { ?uri assembly dbr:Malaysia ; manufacturer dbr:Ford_Motor_Company },Does the Ford Motor Company have a manufacturing plant in Malaysia?
cookie,293,ingredient,Chocolate_chip_cookie,PREFIX  <http://dbpedia.org/ontology/> PREFIX  <http://dbpedia.org/resource/> SELECT DISTINCT ?uri WHERE { Chocolate_chip_cookie ingredient ?uri },What is in a chocolate chip cookie?
cosmonaut,41,nationality,Astronaut,SELECT DISTINCT ?uri WHERE { ?uri a <http://dbpedia.org/ontology/Astronaut> { ?uri <http://dbpedia.org/ontology/nationality> <http://dbpedia.org/resource/Russia> } UNION { ?uri <http://dbpedia.org/ontology/nationality> <http://dbpedia.org/resource/Soviet_Union> } },Give me all cosmonauts.
country,6,rdf:type,Country,PREFIX  <http://dbpedia.org/ontology/> PREFIX rdf: <http://www.w3.org/1999/02/22-rdf-syntax-ns#> SELECT DISTINCT ?uri WHERE { ?cave rdf:type Cave ; location ?uri . ?uri rdf:type Country } GROUP BY ?uri HAVING ( COUNT(?cave) > 2 ),Which countries have places with more than two caves?
  ,110,officialLanguages,Country,SELECT DISTINCT ?uri WHERE { ?uri <http://www.w3.org/1999/02/22-rdf-syntax-ns#type> <http://dbpedia.org/ontology/Country> . ?uri <http://dbpedia.org/property/officialLanguages> ?language . } ORDER BY DESC(COUNT(?language)) OFFSET 0 LIMIT 1,Which country has the most official languages?
  ,134,officialLanguage,Country,SELECT DISTINCT ?uri WHERE { ?uri a <http://dbpedia.org/ontology/Country> ; <http://dbpedia.org/ontology/officialLanguage> ?language } GROUP BY ?uri HAVING ( COUNT(?language) > 2 ),Which countries have more than two official languages?
  ,135,location,Country,SELECT DISTINCT ?uri WHERE { ?uri a <http://dbpedia.org/ontology/Country> . ?cave a <http://dbpedia.org/ontology/Cave> { ?cave <http://dbpedia.org/ontology/location> ?uri } UNION { ?cave <http://dbpedia.org/ontology/location> ?loc . ?loc <http://dbpedia.org/ontology/country> ?uri } } GROUP BY ?uri HAVING ( COUNT(?cave) > 10 ),Which countries have more than ten caves?
  ,147,-,-,SELECT DISTINCT ?uri WHERE { ?uri <http://dbpedia.org/ontology/currency> <http://dbpedia.org/resource/West_African_CFA_franc> },In which countries can you pay using the West African CFA franc?
  ,354,rdf:type, Country,PREFIX  <http://dbpedia.org/ontology/> PREFIX  <http://dbpedia.org/resource/> PREFIX rdf: <http://www.w3.org/1999/02/22-rdf-syntax-ns#> SELECT DISTINCT ?uri WHERE { Mount_Everest locatedInArea ?uri . ?uri rdf:type Country },What country is Mount Everest in?
  ,406,rdf:type, Country,PREFIX  <http://dbpedia.org/ontology/> PREFIX  <http://dbpedia.org/resource/> PREFIX rdf: <http://www.w3.org/1999/02/22-rdf-syntax-ns#> SELECT DISTINCT ?uri WHERE { ?uri rdf:type Country ; language Japanese_language },In which countries do people speak Japanese?
crisis,198,date,Cuban_Missile_Crisis,PREFIX  <http://dbpedia.org/ontology/> PREFIX  <http://dbpedia.org/resource/> ASK WHERE { Cuban_Missile_Crisis date ?x . Bay_of_Pigs_Invasion date ?y FILTER ( ?x < ?y ) },Was the Cuban Missile Crisis earlier than the Bay of Pigs Invasion?
cup_2018,281,date,2018_FIFA_World_Cup,PREFIX dbr: <http://dbpedia.org/resource/> PREFIX dbp: <http://dbpedia.org/property/> SELECT ?Date WHERE { dbr:2018_FIFA_World_Cup dbp:date ?Date } ORDER BY DESC(?Date) LIMIT 1,When will start the final match of the football world cup 2018?
czech,386,currency,Czech_Republic,PREFIX  <http://dbpedia.org/ontology/> PREFIX  <http://dbpedia.org/resource/> SELECT DISTINCT ?uri WHERE { Czech_Republic currency ?uri },What is the currency of the Czech Republic?
dancers,355,author,The_Three_Dancers,PREFIX  <http://dbpedia.org/ontology/> PREFIX  <http://dbpedia.org/resource/> SELECT DISTINCT ?uri WHERE { The_Three_Dancers author ?person . ?person movement ?uri },To which artistic movement did the painter of The Three Dancers belong?
dbpedia,212,developer,DBpedia,PREFIX  <http://dbpedia.org/ontology/> PREFIX  <http://dbpedia.org/resource/> SELECT DISTINCT ?uri WHERE { DBpedia developer ?uri },Who are the developers of DBpedia?
democrat,274,party,Democratic_Party_(United_States),PREFIX  <http://dbpedia.org/ontology/> PREFIX  <http://dbpedia.org/resource/> ASK WHERE { Barack_Obama party <http://dbpedia.org/resource/Democratic_Party_(United_States)> },Is Barack Obama a democrat?
denmark,143,country,Denmark,SELECT DISTINCT ?uri WHERE { { ?uri a <http://dbpedia.org/ontology/Lake> ; <http://dbpedia.org/ontology/country> <http://dbpedia.org/resource/Denmark> } UNION { ?uri a <http://dbpedia.org/class/yago/LakesOfDenmark> } },Give me a list of all lakes in Denmark.
disorder,103,-,yago:WikicatEatingDisorders,SELECT DISTINCT ?uri WHERE { ?uri a <http://dbpedia.org/class/yago/WikicatEatingDisorders> },Give me all types of eating disorders.
dog,185,breed,German_Shepherd,SELECT DISTINCT ?uri WHERE { ?uri <http://dbpedia.org/property/breed> <http://dbpedia.org/resource/German_Shepherd> },Give me all breeds of the German Shepherd dog.
dortmund,373,targetAirport,Dortmund_Airport,PREFIX  <http://dbpedia.org/ontology/> PREFIX  <http://dbpedia.org/resource/> SELECT DISTINCT ?uri WHERE { Lufthansa subsidiary ?uri . ?uri targetAirport Dortmund_Airport ; targetAirport Berlin_Tegel_Airport },Which subsidiary of Lufthansa serves both Dortmund and Berlin Tegel?
dream,238,author,The_Interpretation_of_Dreams,PREFIX  <http://dbpedia.org/ontology/> PREFIX dbr: <http://dbpedia.org/resource/> SELECT ?Author WHERE { dbr:The_Interpretation_of_Dreams author ?Author },Who is the author of the interpretation of dreams?
driver,311,rdf:type,FormulaOneRacer,PREFIX  <http://dbpedia.org/ontology/> PREFIX rdf: <http://www.w3.org/1999/02/22-rdf-syntax-ns#> SELECT DISTINCT ?uri WHERE { ?uri rdf:type FormulaOneRacer ; races ?x } ORDER BY DESC(?x) OFFSET 0 LIMIT 1,Who is the Formula 1 race driver with the most races?
d??sseldorf,elevation,  ,D??sseldorf_Airport,PREFIX  <http://dbpedia.org/ontology/> PREFIX dbr: <http://dbpedia.org/resource/> SELECT ?ele WHERE { dbr:D??sseldorf_Airport elevation ?ele } LIMIT 1,how much is the elevation of D??sseldorf Airport ?
earth,21,author,"The_Pillars_of_the_Earth, Mountain",PREFIX  <http://dbpedia.org/ontology/> PREFIX  <http://dbpedia.org/resource/> PREFIX rdfs: <http://www.w3.org/2000/01/rdf-schema#> SELECT DISTINCT ?uri WHERE { The_Pillars_of_the_Earth author ?uri },Who wrote the book The pillars of the Earth?
  ,335,author,The_Pillars_of_the_Earth,PREFIX  <http://dbpedia.org/ontology/> PREFIX  <http://dbpedia.org/resource/> SELECT DISTINCT ?uri WHERE { The_Pillars_of_the_Earth author ?uri },Who wrote the book The Pillars of the Earth?
eiffel,67,architect,Eiffel_Tower,SELECT DISTINCT ?uri WHERE { <http://dbpedia.org/resource/Eiffel_Tower> <http://dbpedia.org/ontology/architect> ?x . ?x <http://dbpedia.org/property/almaMater> ?uri },Where did the architect of the Eiffel Tower study?
electronics,263,industry,Electronics,PREFIX  <http://dbpedia.org/ontology/> PREFIX  <http://dbpedia.org/resource/> PREFIX rdf: <http://www.w3.org/1999/02/22-rdf-syntax-ns#> SELECT DISTINCT ?uri WHERE { ?uri rdf:type Company ; industry Electronics ; foundationPlace Beijing },Which electronics companies were founded in Beijing?
elephant,255,species,Elephant,PREFIX dbr: <http://dbpedia.org/resource/> PREFIX dbp: <http://dbpedia.org/property/> SELECT ?species WHERE { dbr:Elephant dbp:species ?species },Which species does an elephant belong?
england,219,rdf:type,yago:WikicatEnglishMonarchs,PREFIX  <http://dbpedia.org/ontology/> PREFIX yago: <http://dbpedia.org/class/yago/> PREFIX rdf: <http://www.w3.org/1999/02/22-rdf-syntax-ns#> SELECT DISTINCT ?uri WHERE { ?uri rdf:type Royalty ; rdf:type yago:WikicatEnglishMonarchs ; activeYearsStartYear ?date } ORDER BY ASC(?date) OFFSET 0 LIMIT 1,Who was the first King of England?
estonia,187,spokenIn,Estonia,SELECT DISTINCT ?uri WHERE { ?uri <http://dbpedia.org/ontology/spokenIn> <http://dbpedia.org/resource/Estonia> },Which languages are spoken in Estonia?
eurasia,351,populationTotal,Eurasia,PREFIX  <http://dbpedia.org/ontology/> PREFIX  <http://dbpedia.org/resource/> SELECT DISTINCT ?population WHERE { Eurasia populationTotal ?population },How many people live in Eurasia?
euro,102,currency,Euro,"SELECT DISTINCT ?uri WHERE { ?uri a <http://dbpedia.org/ontology/Country> { ?uri <http://dbpedia.org/ontology/currency> <http://dbpedia.org/resource/Euro> } UNION { ?uri <http://dbpedia.org/property/currencyCode> ""EUR""@en } }",Which countries adopted the Euro?
eve,392,height,Amazon_Eve,PREFIX  <http://dbpedia.org/ontology/> PREFIX  <http://dbpedia.org/resource/> SELECT DISTINCT ?height WHERE { Amazon_Eve height ?height },How tall is Amazon Eve?
everest,354,locatedInArea,Mount_Everest,PREFIX  <http://dbpedia.org/ontology/> PREFIX  <http://dbpedia.org/resource/> PREFIX rdf: <http://www.w3.org/1999/02/22-rdf-syntax-ns#> SELECT DISTINCT ?uri WHERE { Mount_Everest locatedInArea ?uri . ?uri rdf:type Country },What country is Mount Everest in?
  ,384,firstAscentPerson,Mount_Everest,PREFIX  <http://dbpedia.org/ontology/> PREFIX  <http://dbpedia.org/resource/> SELECT DISTINCT ?uri WHERE { Mount_Everest firstAscentPerson ?uri },Who was the first to climb Mount Everest?
everyone,79,birthDate,Person,SELECT DISTINCT ?uri WHERE { ?uri a <http://dbpedia.org/ontology/Person> { ?uri <http://dbpedia.org/ontology/birthDate> ?date } UNION { ?uri <http://dbpedia.org/property/birthDate> ?date } <http://dbpedia.org/resource/Halloween> <http://dbpedia.org/property/date> ?date },Show me everyone who was born on Halloween.
facebook,170,foundedBy,Facebook,SELECT DISTINCT ?uri WHERE { <http://dbpedia.org/resource/Facebook> <http://dbpedia.org/ontology/foundedBy> ?uri },Who is the owner of Facebook?
family,365,creator,Family_Guy,PREFIX  <http://dbpedia.org/ontology/> PREFIX  <http://dbpedia.org/resource/> SELECT DISTINCT ?uri WHERE { Family_Guy creator ?uri },Who created Family Guy?
farmers,401,editor,Farmers'_Almanac,PREFIX dbp: <http://dbpedia.org/property/> SELECT ?uri WHERE { <http://dbpedia.org/resource/Farmers'_Almanac> dbp:editor ?uri },Who writes the Farmers' Almanac?
fdny,111,employees,New_York_City_Fire_Department,SELECT DISTINCT ?num WHERE { <http://dbpedia.org/resource/New_York_City_Fire_Department> <http://dbpedia.org/property/employees> ?num },What is the total amount of men and women serving in the FDNY?
fiction,342,budget,Pulp_Fiction,PREFIX  <http://dbpedia.org/ontology/> PREFIX  <http://dbpedia.org/resource/> SELECT DISTINCT ?n WHERE { Pulp_Fiction budget ?n },How much did Pulp Fiction cost?
fifa,105,fifaMin,Brazil_national_football_team,SELECT DISTINCT ?n WHERE { <http://dbpedia.org/resource/Brazil_national_football_team> <http://dbpedia.org/property/fifaMin> ?n },What was Brazil's lowest rank in the FIFA World Ranking?
films,11,rdf:type,Film,PREFIX  <http://dbpedia.org/ontology/> PREFIX  <http://dbpedia.org/resource/> PREFIX rdf: <http://www.w3.org/1999/02/22-rdf-syntax-ns#> SELECT DISTINCT ?uri WHERE { ?uri rdf:type Film ; country Denmark },Give me all Danish films.
  ,50,-,-,SELECT (COUNT(DISTINCT ?uri) AS ?c) WHERE { ?uri <http://dbpedia.org/ontology/producer> <http://dbpedia.org/resource/Hal_Roach> },How many films did Hal Roach produce?
  ,63,starring,Film,SELECT DISTINCT ?uri WHERE { ?uri a <http://dbpedia.org/ontology/Film> ; <http://dbpedia.org/ontology/starring> <http://dbpedia.org/resource/Julia_Roberts> ; <http://dbpedia.org/ontology/director> <http://dbpedia.org/resource/Garry_Marshall> },In which films directed by Garry Marshall was Julia Roberts starring?
  ,84,rdf:type,Film,SELECT DISTINCT ?uri WHERE { ?film <http://www.w3.org/1999/02/22-rdf-syntax-ns#type> <http://dbpedia.org/ontology/Film> . ?film <http://dbpedia.org/ontology/producer> ?uri . } ORDER BY DESC(COUNT(?film)) OFFSET 0 LIMIT 1,Who produced the most films?
  ,106,starring,Film,SELECT (COUNT(DISTINCT ?uri) AS ?c) WHERE { ?uri a <http://dbpedia.org/ontology/Film> ; <http://dbpedia.org/ontology/starring> <http://dbpedia.org/resource/Leonardo_DiCaprio> },How many films did Leonardo DiCaprio star in?
  ,124,-,-,SELECT DISTINCT ?uri WHERE { ?uri <http://dbpedia.org/ontology/director> <http://dbpedia.org/resource/Clint_Eastwood> ; <http://dbpedia.org/ontology/starring> <http://dbpedia.org/resource/Clint_Eastwood> },Which films starring Clint Eastwood did he direct himself?
  ,161,producer,Film,SELECT DISTINCT ?uri WHERE { ?uri a <http://dbpedia.org/ontology/Film> ; <http://dbpedia.org/ontology/producer> <http://dbpedia.org/resource/Hal_Roach> },Give me all films produced by Hal Roach.
  ,182,rdf:type,Film,SELECT DISTINCT ?uri WHERE { ?uri <http://www.w3.org/1999/02/22-rdf-syntax-ns#type> <http://dbpedia.org/ontology/Film> . ?uri <http://dbpedia.org/ontology/director> <http://dbpedia.org/resource/Steven_Spielberg> . ?uri <http://dbpedia.org/ontology/budget> ?b . FILTER( xsd:double(?b) >= 8.0E7 ) },Give me all films produced by Steven Spielberg with a budget of at least $80 million.
  ,184,starring,Film,SELECT DISTINCT ?uri WHERE { ?film a <http://dbpedia.org/ontology/Film> ; <http://dbpedia.org/ontology/starring> <http://dbpedia.org/resource/Natalie_Portman> ; <http://dbpedia.org/ontology/producer> ?uri },Who produced films starring Natalie Portman?
  ,282,-,-,PREFIX  <http://dbpedia.org/ontology/> PREFIX  <http://dbpedia.org/resource/> SELECT DISTINCT ?uri WHERE { ?uri director Stanley_Kubrick },Which films did Stanley Kubrick direct?
  ,390,rdf:type,Film,PREFIX  <http://dbpedia.org/ontology/> PREFIX  <http://dbpedia.org/resource/> PREFIX rdf: <http://www.w3.org/1999/02/22-rdf-syntax-ns#> SELECT DISTINCT ?uri WHERE { ?uri rdf:type Film ; starring Julia_Roberts ; starring Richard_Gere },In which films did Julia Roberts as well as Richard Gere play?
  ,407,-,-,PREFIX  <http://dbpedia.org/ontology/> PREFIX  <http://dbpedia.org/resource/> SELECT DISTINCT ?uri WHERE { ?uri director Tim_Burton ; budget ?b } ORDER BY ?b OFFSET 0 LIMIT 1,Which of Tim Burton's films had the highest budget?
finance,202,leader,Federal_Ministry_of_Finance_(Germany),PREFIX  <http://dbpedia.org/ontology/> SELECT ?leader WHERE { <http://dbpedia.org/resource/Federal_Ministry_of_Finance_(Germany)> leader ?leader },Who is the current federal minister of finance in Germany?
florida,353,populationTotal,"Melbourne,_Florida","PREFIX  <http://dbpedia.org/ontology/> SELECT ?uri WHERE { <http://dbpedia.org/resource/Melbourne,_Florida> populationTotal ?uri }","What is the total population of Melbourne, Florida?"
football,281,date,2018_FIFA_World_Cup,PREFIX dbr: <http://dbpedia.org/resource/> PREFIX dbp: <http://dbpedia.org/property/> SELECT ?Date WHERE { dbr:2018_FIFA_World_Cup dbp:date ?Date } ORDER BY DESC(?Date) LIMIT 1,When will start the final match of the football world cup 2018?
forbes,220,editor,Forbes,PREFIX  <http://dbpedia.org/ontology/> PREFIX  <http://dbpedia.org/resource/> SELECT DISTINCT ?uri WHERE { Forbes editor ?uri },Who is the editor of Forbes?
formula,311,rdf:type FormulaOneRacer,FormulaOneRacer,PREFIX  <http://dbpedia.org/ontology/> PREFIX rdf: <http://www.w3.org/1999/02/22-rdf-syntax-ns#> SELECT DISTINCT ?uri WHERE { ?uri rdf:type FormulaOneRacer ; races ?x } ORDER BY DESC(?x) OFFSET 0 LIMIT 1,Who is the Formula 1 race driver with the most races?
foundation,347,series,Foundation_series,PREFIX  <http://dbpedia.org/ontology/> PREFIX  <http://dbpedia.org/resource/> SELECT DISTINCT ?uri WHERE { ?uri series Foundation_series },Show me all books in Asimov's Foundation series.
franc,147,currency,West_African_CFA_franc,SELECT DISTINCT ?uri WHERE { ?uri <http://dbpedia.org/ontology/currency> <http://dbpedia.org/resource/West_African_CFA_franc> },In which countries can you pay using the West African CFA franc?
france,387,location,France,PREFIX  <http://dbpedia.org/ontology/> PREFIX  <http://dbpedia.org/resource/> SELECT DISTINCT ?uri WHERE { ?uri wineProduced Sparkling_wine ; location France },Where in France is sparkling wine produced?
friends,226,completionDate,Friends,PREFIX  <http://dbpedia.org/ontology/> PREFIX dbr: <http://dbpedia.org/resource/> SELECT ?date WHERE { dbr:Friends completionDate ?date },When was the last episode of the TV series Friends aired?
fring,204,portrayer,Gus_Fring,PREFIX  <http://dbpedia.org/ontology/> PREFIX  <http://dbpedia.org/resource/> SELECT DISTINCT ?uri WHERE { Gus_Fring portrayer ?uri },Who played Gus Fring in Breaking Bad?
galactica,160,numberOfEpisodes,Battlestar_Galactica_%282004_TV_series%29,PREFIX  <http://dbpedia.org/ontology/> PREFIX  <http://dbpedia.org/resource/> ASK WHERE { <http://dbpedia.org/resource/Battlestar_Galactica_%281978_TV_series%29> numberOfEpisodes ?x . <http://dbpedia.org/resource/Battlestar_Galactica_%282004_TV_series%29> numberOfEpisodes ?y FILTER ( ?y > ?x ) },Does the new Battlestar Galactica series have more episodes than the old one?
game,32,ign,"Action_role-playing_video_games, The_Hunger_Games, GMT_Games",SELECT DISTINCT ?uri WHERE { ?uri <http://purl.org/dc/terms/subject> <http://dbpedia.org/resource/Category:Action_role-playing_video_games> ; <http://dbpedia.org/property/ign> ?score } ORDER BY DESC(?score) LIMIT 10,What are the top-10 action role-playing video games according to IGN?
  ,129,author,"The_Hunger_Games, GMT_Games",SELECT DISTINCT ?uri WHERE { <http://dbpedia.org/resource/The_Hunger_Games> <http://dbpedia.org/property/author> ?uri },Who wrote The Hunger Games?
  ,232,developer,World_of_Warcraft,PREFIX  <http://dbpedia.org/ontology/> PREFIX  <http://dbpedia.org/resource/> SELECT DISTINCT ?uri WHERE { World_of_Warcraft developer ?uri },Who developed the video game World of Warcraft?
  ,290,publisher,GMT_Games,PREFIX  <http://dbpedia.org/ontology/> PREFIX  <http://dbpedia.org/resource/> SELECT DISTINCT ?uri WHERE { ?uri publisher GMT_Games },List all games by GMT.
  ,295,rdf:type, VideoGame,PREFIX  <http://dbpedia.org/ontology/> PREFIX  <http://dbpedia.org/resource/> PREFIX rdf: <http://www.w3.org/1999/02/22-rdf-syntax-ns#> SELECT DISTINCT ?uri WHERE { ?uri rdf:type VideoGame ; publisher Mean_Hamster_Software },Give me all video games published by Mean Hamster Software.
  ,338,numberOfEpisodes,Game_of_Thrones,PREFIX  <http://dbpedia.org/ontology/> PREFIX  <http://dbpedia.org/resource/> ASK WHERE { Breaking_Bad numberOfEpisodes ?x . Game_of_Thrones numberOfEpisodes ?y FILTER ( ?y > ?x ) },Does Breaking Bad have more episodes than Game of Thrones?
  ,358,rdf:type, VideoGame,"PREFIX  <http://dbpedia.org/ontology/> PREFIX rdfs: <http://www.w3.org/2000/01/rdf-schema#> PREFIX rdf: <http://www.w3.org/1999/02/22-rdf-syntax-ns#> ASK WHERE { ?uri rdf:type VideoGame ; rdfs:label ""Battle Chess""@en }",Is there a video game called Battle Chess?
  ,397,composer,Game_of_Thrones,PREFIX  <http://dbpedia.org/ontology/> PREFIX  <http://dbpedia.org/resource/> SELECT DISTINCT ?uri WHERE { Game_of_Thrones composer ?uri },Who wrote the Game of Thrones theme?
gange,395,sourceCountry,Ganges,PREFIX  <http://dbpedia.org/ontology/> PREFIX  <http://dbpedia.org/resource/> SELECT DISTINCT ?uri WHERE { Ganges sourceCountry ?uri },In which country does the Ganges start?
germany,78,office,Chancellor_of_Germany,"SELECT DISTINCT ?uri WHERE { ?uri a <http://dbpedia.org/ontology/Person> { ?uri <http://dbpedia.org/ontology/office> ""Chancellor of Germany"" } UNION { ?uri <http://dbpedia.org/property/office> <http://dbpedia.org/resource/Chancellor_of_Germany> } }",Give me all federal chancellors of Germany.
  ,82,birthPlace,Germany,SELECT DISTINCT ?uri WHERE { ?uri a <http://dbpedia.org/ontology/Actor> { ?uri <http://dbpedia.org/ontology/birthPlace> <http://dbpedia.org/resource/Germany> } UNION { ?uri <http://dbpedia.org/ontology/birthPlace> ?place . ?place <http://dbpedia.org/ontology/country> <http://dbpedia.org/resource/Germany> } },Which actors were born in Germany?
  ,154,skos:broader,Cities_in_Germany,PREFIX  <http://dbpedia.org/ontology/> PREFIX skos: <http://www.w3.org/2004/02/skos/core#> PREFIX dbc: <http://dbpedia.org/resource/Category:> PREFIX dct: <http://purl.org/dc/terms/> SELECT ?city WHERE { ?m skos:broader dbc:Cities_in_Germany . ?city dct:subject ?m ; areaTotal ?area } ORDER BY ?area LIMIT 1,What is the smallest city by area in Germany?
  ,202,leader,Federal_Ministry_of_Finance_(Germany),PREFIX  <http://dbpedia.org/ontology/> SELECT ?leader WHERE { <http://dbpedia.org/resource/Federal_Ministry_of_Finance_(Germany)> leader ?leader },Who is the current federal minister of finance in Germany?
  ,288,populationDensityRank,Germany,PREFIX dbr: <http://dbpedia.org/resource/> PREFIX dbp: <http://dbpedia.org/property/> SELECT ?rank WHERE { dbr:Germany dbp:populationDensityRank ?rank },how much is the population densty rank of germany?
gimp,247,programmingLanguage,GIMP,PREFIX  <http://dbpedia.org/ontology/> PREFIX  <http://dbpedia.org/resource/> SELECT DISTINCT ?uri WHERE { GIMP programmingLanguage ?uri },In which programming language is GIMP written?
giza,359,restingPlace,Great_Pyramid_of_Giza,PREFIX  <http://dbpedia.org/ontology/> PREFIX dbr: <http://dbpedia.org/resource/> SELECT ?uri WHERE { ?uri restingPlace dbr:Great_Pyramid_of_Giza },Who was buried in the Great Pyramid of Giza?
gmt,1,publisher,GMT_Games,PREFIX  <http://dbpedia.org/ontology/> PREFIX  <http://dbpedia.org/resource/> PREFIX rdfs: <http://www.w3.org/2000/01/rdf-schema#> SELECT ?uri WHERE { ?uri publisher GMT_Games },List all boardgames by GMT.
  ,290,publisher,GMT_Games,PREFIX  <http://dbpedia.org/ontology/> PREFIX  <http://dbpedia.org/resource/> SELECT DISTINCT ?uri WHERE { ?uri publisher GMT_Games },List all games by GMT.
goldmine,314,  ,[Velvet_Goldmine],PREFIX  <http://dbpedia.org/ontology/> PREFIX  <http://dbpedia.org/resource/> ASK WHERE { Velvet_Goldmine starring Christian_Bale },Is Christian Bale starring in Velvet Goldmine?
goofy,87,creator,Goofy,SELECT DISTINCT ?uri WHERE { <http://dbpedia.org/resource/Goofy> <http://dbpedia.org/ontology/creator> ?uri },Who created Goofy?
google,85,numberOfEmployees,Google,SELECT DISTINCT ?num WHERE { <http://dbpedia.org/resource/Google> <http://dbpedia.org/ontology/numberOfEmployees> ?num },How many employees does Google have?
grand,309,award,Grand_Prix_(Cannes_Film_Festival),PREFIX  <http://dbpedia.org/ontology/> PREFIX  <http://dbpedia.org/resource/> ASK WHERE { Aki_Kaurism??ki award <http://dbpedia.org/resource/Grand_Prix_(Cannes_Film_Festival)> },Did Kaurism??ki ever win the Grand Prix at Cannes?
grape,323,growingGrape,Oregon_wine growingGrape,PREFIX  <http://dbpedia.org/ontology/> PREFIX  <http://dbpedia.org/resource/> SELECT DISTINCT ?uri WHERE { Oregon_wine growingGrape ?uri },Which types of grapes grow in Oregon?
great,346,areaTotal,Great_Bear_Lake,PREFIX  <http://dbpedia.org/ontology/> PREFIX  <http://dbpedia.org/resource/> ASK WHERE { Lake_Baikal areaTotal ?a1 . Great_Bear_Lake areaTotal ?a2 FILTER ( ?a1 > ?a2 ) },Is Lake Baikal bigger than the Great Bear Lake?
  ,359,restingPlace,Great_Pyramid_of_Giza,PREFIX  <http://dbpedia.org/ontology/> PREFIX dbr: <http://dbpedia.org/resource/> SELECT ?uri WHERE { ?uri restingPlace dbr:Great_Pyramid_of_Giza },Who was buried in the Great Pyramid of Giza?
grunge_record,394,genre,Grunge,PREFIX  <http://dbpedia.org/ontology/> PREFIX  <http://dbpedia.org/resource/> PREFIX rdf: <http://www.w3.org/1999/02/22-rdf-syntax-ns#> SELECT DISTINCT ?uri WHERE { ?uri rdf:type RecordLabel ; genre Grunge ; country Canada },Give me all Canadian Grunge record labels.
gus,204,portrayer,Gus_Fring,PREFIX  <http://dbpedia.org/ontology/> PREFIX  <http://dbpedia.org/resource/> SELECT DISTINCT ?uri WHERE { Gus_Fring portrayer ?uri },Who played Gus Fring in Breaking Bad?
guy,12,director,Guy_Ritchie,PREFIX  <http://dbpedia.org/ontology/> PREFIX  <http://dbpedia.org/resource/> PREFIX rdf: <http://www.w3.org/1999/02/22-rdf-syntax-ns#> SELECT DISTINCT ?uri WHERE { ?uri rdf:type Film ; starring Brad_Pitt ; director Guy_Ritchie },Which movies starring Brad Pitt were directed by Guy Ritchie?
  ,365,creator,Family_Guy,PREFIX  <http://dbpedia.org/ontology/> PREFIX  <http://dbpedia.org/resource/> SELECT DISTINCT ?uri WHERE { Family_Guy creator ?uri },Who created Family Guy?
halloween,79,birthDate,Halloween,SELECT DISTINCT ?uri WHERE { ?uri a <http://dbpedia.org/ontology/Person> { ?uri <http://dbpedia.org/ontology/birthDate> ?date } UNION { ?uri <http://dbpedia.org/property/birthDate> ?date } <http://dbpedia.org/resource/Halloween> <http://dbpedia.org/property/date> ?date },Show me everyone who was born on Halloween.
hamster,295,  ,Mean_Hamster_Software,PREFIX  <http://dbpedia.org/ontology/> PREFIX  <http://dbpedia.org/resource/> PREFIX rdf: <http://www.w3.org/1999/02/22-rdf-syntax-ns#> SELECT DISTINCT ?uri WHERE { ?uri rdf:type VideoGame ; publisher Mean_Hamster_Software },Give me all video games published by Mean Hamster Software.
hbo,158,series,The_Sopranos,PREFIX  <http://dbpedia.org/ontology/> PREFIX  <http://dbpedia.org/resource/> SELECT DISTINCT ?uri WHERE { ?uri series The_Sopranos ; seasonNumber 1 },List all episodes of the first season of the HBO television series The Sopranos!
  ,331,series,The_Sopranos,PREFIX  <http://dbpedia.org/ontology/> PREFIX  <http://dbpedia.org/resource/> SELECT DISTINCT ?uri WHERE { ?uri series The_Sopranos ; seasonNumber 1 },List all episodes of the first season of the HBO television series The Sopranos.
headquarter,364,headquarter,Secret_Intelligence_Service,PREFIX  <http://dbpedia.org/ontology/> PREFIX  <http://dbpedia.org/resource/> PREFIX rdf: <http://www.w3.org/1999/02/22-rdf-syntax-ns#> SELECT DISTINCT ?uri WHERE { Secret_Intelligence_Service headquarter ?uri . ?uri country United_Kingdom },In which UK city are the headquarters of the MI6?
  ,404,location,Headquarters_of_the_United_Nations,PREFIX  <http://dbpedia.org/ontology/> PREFIX  <http://dbpedia.org/resource/> PREFIX rdf: <http://www.w3.org/1999/02/22-rdf-syntax-ns#> SELECT DISTINCT ?uri WHERE { Headquarters_of_the_United_Nations location ?uri . ?uri rdf:type City },In which city are the headquarters of the United Nations?
health,176,speciality,UNC_Health_Care,SELECT DISTINCT ?uri WHERE { <http://dbpedia.org/resource/UNC_Health_Care> <http://dbpedia.org/property/speciality> ?uri },What are the specialities of the UNC Health Care?
hells,92,founded,Hells_Angels,SELECT DISTINCT ?date WHERE { <http://dbpedia.org/resource/Hells_Angels> <http://dbpedia.org/property/founded> ?date },When were the Hells Angels founded?
heraklion,3,birthPlace,Heraklion,PREFIX yago: <http://dbpedia.org/class/yago/> PREFIX rdfs: <http://www.w3.org/2000/01/rdf-schema#> PREFIX rdf: <http://www.w3.org/1999/02/22-rdf-syntax-ns#> PREFIX onto: <http://dbpedia.org/ontology/> SELECT DISTINCT ?uri WHERE { ?uri rdf:type onto:Person ; onto:birthPlace <http://dbpedia.org/resource/Heraklion>. },Which people were born in Heraklion?
heritage,68,rdf:type,WorldHeritageSite,SELECT DISTINCT ?uri WHERE { ?uri <http://www.w3.org/1999/02/22-rdf-syntax-ns#type> <http://dbpedia.org/ontology/WorldHeritageSite> . { ?uri <http://dbpedia.org/property/year> '2013'^^xsd:integer . } UNION { ?uri <http://dbpedia.org/property/year> '2014'^^xsd:integer . } },Give me all world heritage sites designated within the past two years.
hero,412,starring,Last_Action_Hero,PREFIX  <http://dbpedia.org/ontology/> PREFIX  <http://dbpedia.org/resource/> SELECT DISTINCT ?uri WHERE { Last_Action_Hero starring ?uri },Give me all actors starring in Last Action Hero.
himalaya,55,country,Himalayas,SELECT DISTINCT ?uri WHERE { <http://dbpedia.org/resource/Himalayas> <http://dbpedia.org/ontology/country> ?country . ?country <http://dbpedia.org/ontology/capital> ?uri },Give me the capitals of all countries that the Himalayas run through.
hockey,208,Ankara,Turkish_Ice_Hockey_First_League,PREFIX  <http://dbpedia.org/ontology/> PREFIX  <http://dbpedia.org/resource/> SELECT DISTINCT ?uri WHERE { ?x city Ankara ; league Turkish_Ice_Hockey_First_League ; coach ?uri },Who is the coach of Ankara's ice hockey team?
holiday,94,country,Holiday,SELECT DISTINCT ?uri WHERE { ?uri a <http://dbpedia.org/ontology/Holiday> ; <http://dbpedia.org/ontology/country> <http://dbpedia.org/resource/Sweden> },Give me all Swedish holidays.
  ,148,rdf:type,Holiday,PREFIX  <http://dbpedia.org/ontology/> PREFIX rdf: <http://www.w3.org/1999/02/22-rdf-syntax-ns#> SELECT DISTINCT ?uri WHERE { ?uri rdf:type Holiday },Which holidays are celebrated around the world?
  ,305,rdf:type,Holiday,PREFIX  <http://dbpedia.org/ontology/> PREFIX rdf: <http://www.w3.org/1999/02/22-rdf-syntax-ns#> SELECT DISTINCT ?uri WHERE { ?uri rdf:type Holiday },Which holidays are celebrated around the world? test2
horse,223,rdf:typ,Horse_racing,PREFIX  <http://dbpedia.org/ontology/> PREFIX dbr: <http://dbpedia.org/resource/> PREFIX rdf: <http://www.w3.org/1999/02/22-rdf-syntax-ns#> ASK WHERE { dbr:Horse_racing rdf:type Sport },Is horse racing a sport?
hotel,379,writer,Hotel_California,PREFIX  <http://dbpedia.org/ontology/> PREFIX  <http://dbpedia.org/resource/> SELECT DISTINCT ?uri WHERE { Hotel_California writer ?uri },Who wrote the song Hotel California?
house,215,location,Palace_of_Westminster,PREFIX  <http://dbpedia.org/ontology/> PREFIX  <http://dbpedia.org/resource/> SELECT ?uri WHERE { Palace_of_Westminster location ?uri },What is the location of the Houses of Parliament?
hovercrafts,253,product,Hovercraft,PREFIX  <http://dbpedia.org/ontology/> PREFIX  <http://dbpedia.org/resource/> PREFIX rdf: <http://www.w3.org/1999/02/22-rdf-syntax-ns#> SELECT DISTINCT ?uri WHERE { ?uri rdf:type Company ; product Hovercraft },Which companies produce hovercrafts?
hunger,129,author,The_Hunger_Games,SELECT DISTINCT ?uri WHERE { <http://dbpedia.org/resource/The_Hunger_Games> <http://dbpedia.org/property/author> ?uri },Who wrote The Hunger Games?
ibm,157,numberOfEmployees,IBM,SELECT DISTINCT ?number WHERE { <http://dbpedia.org/resource/IBM> <http://dbpedia.org/ontology/numberOfEmployees> ?number },How many employees does IBM have?
ice,208,league,Turkish_Ice_Hockey_First_League,PREFIX  <http://dbpedia.org/ontology/> PREFIX  <http://dbpedia.org/resource/> SELECT DISTINCT ?uri WHERE { ?x city Ankara ; league Turkish_Ice_Hockey_First_League ; coach ?uri },Who is the coach of Ankara's ice hockey team?
icro,159,abbreviation,ICRO,"SELECT DISTINCT ?uri WHERE { ?uri <http://dbpedia.org/ontology/abbreviation> ""ICRO"" }",What does ICRO stand for?
illinois,36,borderingstates,Illinois,SELECT DISTINCT ?uri WHERE { <http://dbpedia.org/resource/Illinois> <http://dbpedia.org/property/borderingstates> ?uri },Which states border Illinois?
industry,97,-,-,"SELECT (COUNT(DISTINCT ?uri) AS ?c) WHERE { ?uri a <http://dbpedia.org/ontology/Company> { ?uri <http://dbpedia.org/ontology/industry> <http://dbpedia.org/resource/Advertising> } UNION { ?uri <http://dbpedia.org/ontology/industry> ?industry FILTER regex(?industry, ""advertising"", ""i"") } }",Give me all companies in the advertising industry.
interpretation,238,author,The_Interpretation_of_Dreams author,PREFIX  <http://dbpedia.org/ontology/> PREFIX dbr: <http://dbpedia.org/resource/> SELECT ?Author WHERE { dbr:The_Interpretation_of_Dreams author ?Author },Who is the author of the interpretation of dreams?
invasion,198,date,Bay_of_Pigs_Invasion,PREFIX  <http://dbpedia.org/ontology/> PREFIX  <http://dbpedia.org/resource/> ASK WHERE { Cuban_Missile_Crisis date ?x . Bay_of_Pigs_Invasion date ?y FILTER ( ?x < ?y ) },Was the Cuban Missile Crisis earlier than the Bay of Pigs Invasion?
iran,262,borders,Geography_of_Iran,PREFIX dbr: <http://dbpedia.org/resource/> PREFIX dbp: <http://dbpedia.org/property/> SELECT ?border WHERE { dbr:Geography_of_Iran dbp:borders ?border } LIMIT 8,With how many countries Iran has borders?
iraq,283,populationTotal,Iraq,PREFIX  <http://dbpedia.org/ontology/> PREFIX dbr: <http://dbpedia.org/resource/> SELECT ?pIraq WHERE { dbr:Iraq populationTotal ?pIraq },how much is the population  Iraq?
ireland,80,origin,Beer_in_Ireland,SELECT DISTINCT ?uri WHERE { ?uri <http://dbpedia.org/property/type> <http://dbpedia.org/resource/Beer> ; <http://dbpedia.org/ontology/origin> <http://dbpedia.org/resource/Beer_in_Ireland> },Which beer originated in Ireland?
isar,268,inflow,Isar,PREFIX  <http://dbpedia.org/ontology/> PREFIX  <http://dbpedia.org/resource/> PREFIX rdf: <http://www.w3.org/1999/02/22-rdf-syntax-ns#> ASK WHERE { ?x inflow Isar ; rdf:type Lake },Does the Isar flow into a lake?
island,59,country,[Island],SELECT DISTINCT ?uri WHERE { ?uri a <http://dbpedia.org/ontology/Island> ; <http://dbpedia.org/ontology/country> <http://dbpedia.org/resource/Japan> },Give me all islands that belong to Japan.
istanbul,100,city,Istanbul,SELECT DISTINCT ?uri WHERE { ?uri a <http://dbpedia.org/ontology/Writer> { ?uri <http://dbpedia.org/ontology/almaMater> ?x } UNION { ?uri <http://dbpedia.org/ontology/education> ?x } { ?x <http://dbpedia.org/ontology/city> <http://dbpedia.org/resource/Istanbul> } UNION { ?x <http://dbpedia.org/property/city> <http://dbpedia.org/resource/Istanbul> } },Which writers studied in Istanbul?
italy,289,locatedInArea,Italy,PREFIX  <http://dbpedia.org/ontology/> PREFIX  <http://dbpedia.org/resource/> PREFIX rdf: <http://www.w3.org/1999/02/22-rdf-syntax-ns#> SELECT DISTINCT ?uri WHERE { ?uri rdf:type Mountain ; locatedInArea Italy ; elevation ?num } ORDER BY DESC(?num) OFFSET 0 LIMIT 1,What is the highest mountain in Italy?
iycm,322,abbreviation,IYCM,"PREFIX  <http://dbpedia.org/ontology/> PREFIX  <http://dbpedia.org/resource/> SELECT DISTINCT ?uri WHERE { ?uri abbreviation ""IYCM"" }",What does IYCM stand for?
